-- =====================================================================
-- VoltchZ Brasil - Dados de Migração (Gerado Automaticamente)
-- =====================================================================
-- Novos Produtos Incharge (Adicionados/Sobrescritos Manualmente)
-- =====================================================================

-- =====================================================================
-- Novos Produtos Incharge (Substituição de Valores)
-- =====================================================================

-- 1. Substituição de Produtos (O REPLACE INTO remove o registro anterior,
-- limpando em cascata diferenciais, especificações e variações órfãs)

REPLACE INTO `produtos` (`id`, `slug`, `nome`, `marca_id`, `categoria_id`, `potencia`, `tensao`, `aplicacao`, `tipo`, `resumo`, `descricao`, `imagem`) VALUES (28, 'incharge-home-5', 'INCHARGE HOME 5', 'incharge', 'estacoes', '7,4 kW', '210~240V AC Monofásico', 'Residencial', 'Cabo fixo Tipo 2 (5m)', 'Estação de carregamento residencial compacta com cabo de 5 metros e conector Tipo 2.', 'O INCHARGE HOME 5 é uma estação de carregamento AC para uso residencial, projetada para carregar veículos elétricos e híbridos Plug-in. Com indicação de status por LEDs, montagem em parede ou totem e cabo de 5 metros com conector Tipo 2, oferece praticidade e segurança para o carregamento doméstico. Sem controle de carga ou comunicação remota, ideal para uso simples e direto.', 'static/produtos/incharge-home-5.webp');
REPLACE INTO `produtos` (`id`, `slug`, `nome`, `marca_id`, `categoria_id`, `potencia`, `tensao`, `aplicacao`, `tipo`, `resumo`, `descricao`, `imagem`) VALUES (29, 'incharge-home-7', 'INCHARGE HOME 7', 'incharge', 'estacoes', '7,4 kW', '210~240V AC Monofásico', 'Residencial', 'Cabo fixo Tipo 2 (7m)', 'Estação de carregamento residencial com cabo longo de 7 metros e conector Tipo 2.', 'O INCHARGE HOME 7 é idêntico ao HOME 5 em especificações elétricas, mas oferece um cabo de 7 metros para maior flexibilidade no posicionamento do veículo. Ideal para garagens onde a tomada de recarga do carro fica mais distante da parede. Indicação de status por LEDs, montagem em parede ou totem e proteção IP54.', 'static/produtos/incharge-home-7.webp');
REPLACE INTO `produtos` (`id`, `slug`, `nome`, `marca_id`, `categoria_id`, `potencia`, `tensao`, `aplicacao`, `tipo`, `resumo`, `descricao`, `imagem`) VALUES (30, 'incharge-home-trifasico-5', 'INCHARGE HOME Trifásico 5', 'incharge', 'estacoes', '22 kW', '365~415V AC Trifásico', 'Residencial, Corporativo', 'Cabo fixo Tipo 2 (5m)', 'Estação de carregamento residencial trifásica de 22kW com cabo de 5 metros.', 'O INCHARGE HOME Trifásico 5 (INC3X32H5) oferece carregamento AC trifásico de 22kW para veículos que suportam esse modo de recarga. Com cabo de 5 metros e conector Tipo 2, é indicado para residências e condomínios com rede trifásica 380V disponível. Indica o status por LEDs e pode ser montado em parede ou totem.', 'static/produtos/incharge-home-trifasico-5.webp');
REPLACE INTO `produtos` (`id`, `slug`, `nome`, `marca_id`, `categoria_id`, `potencia`, `tensao`, `aplicacao`, `tipo`, `resumo`, `descricao`, `imagem`) VALUES (31, 'incharge-home-trifasico-7', 'INCHARGE HOME Trifásico 7', 'incharge', 'estacoes', '22 kW', '365~415V AC Trifásico', 'Residencial, Corporativo', 'Cabo fixo Tipo 2 (7m)', 'Estação de carregamento residencial trifásica de 22kW com cabo longo de 7 metros.', 'O INCHARGE HOME Trifásico 7 (INC3X32H7) combina a potência de 22kW trifásico com um cabo de 7 metros para maior flexibilidade de posicionamento. Ideal para garagens amplas ou condomínios com rede 380V. Indicação por LEDs e montagem em parede ou totem.', 'static/produtos/incharge-home-trifasico-7.webp');
REPLACE INTO `produtos` (`id`, `slug`, `nome`, `marca_id`, `categoria_id`, `potencia`, `tensao`, `aplicacao`, `tipo`, `resumo`, `descricao`, `imagem`) VALUES (32, 'incharge-plus-74kw', 'INCHARGE 7,4kW PLUS', 'incharge', 'estacoes', '7,4 kW', '210~240V AC Monofásico/Bifásico', 'Residencial, Corporativo, Condomínios', 'Cabo fixo Tipo 2 (5m)', 'Carregador AC compacto com design premiado internacionalmente, para uso em parede ou totem.', 'O INCHARGE 7,4kW PLUS é um carregador veicular AC com design premiado (iF Design Award 2021 e A'' Design Award Bronze 2020). Com display cromático indicativo, cabo de 5 metros e conector Tipo 2, é indicado para uso em residências, condomínios e pontos comerciais. Não possui comunicação remota ou controle de carga — ideal para instalações simples e diretas.', 'static/produtos/incharge-plus-74kw.webp');
REPLACE INTO `produtos` (`id`, `slug`, `nome`, `marca_id`, `categoria_id`, `potencia`, `tensao`, `aplicacao`, `tipo`, `resumo`, `descricao`, `imagem`) VALUES (33, 'incharge-smart-74kw', 'INCHARGE 7,4kW SMART', 'incharge', 'estacoes', '7,4 kW', '210~240V AC Monofásico/Bifásico', 'Corporativo, Condomínios, Pontos Comerciais', 'Cabo fixo Tipo 2 (5m)', 'Carregador AC inteligente com controle de acesso via NFC/App e comunicação OCPP 1.6J.', 'O INCHARGE 7,4kW SMART é a versão conectada da linha PLUS. Além do design premiado e proteção IP54, conta com medidor de energia integrado, controle de acesso por cartão NFC ou App, comunicação OCPP 1.6J e controle de carga remoto. Inclui Gateway de conexão para integração com o servidor INCHARGE. Indicado para condomínios, estacionamentos e pontos comerciais que precisam de gestão de recargas.', 'static/produtos/incharge-smart-74kw.webp');
REPLACE INTO `produtos` (`id`, `slug`, `nome`, `marca_id`, `categoria_id`, `potencia`, `tensao`, `aplicacao`, `tipo`, `resumo`, `descricao`, `imagem`) VALUES (34, 'incharge-plus-22kw', 'INCHARGE 22kW PLUS', 'incharge', 'estacoes', '22 kW', '365~415V AC Trifásico', 'Corporativo, Condomínios, Frotas', 'Cabo fixo Tipo 2 (5m)', 'Carregador AC trifásico de 22kW com design premiado, para uso em parede ou totem.', 'O INCHARGE 22kW PLUS é a versão trifásica de alta potência da linha PLUS. Com 22kW de potência AC, carrega veículos compatíveis de forma significativamente mais rápida que carregadores monofásicos. Design premiado internacionalmente, proteção IP54 para uso interno e externo, cabo de 5 metros com conector Tipo 2. Sem comunicação remota — ideal para instalações corporativas simples.', 'static/produtos/incharge-plus-22kw.webp');
REPLACE INTO `produtos` (`id`, `slug`, `nome`, `marca_id`, `categoria_id`, `potencia`, `tensao`, `aplicacao`, `tipo`, `resumo`, `descricao`, `imagem`) VALUES (35, 'incharge-smart-22kw', 'INCHARGE 22kW SMART', 'incharge', 'estacoes', '22 kW', '365~415V AC Trifásico', 'Corporativo, Condomínios, Frotas, Pontos Comerciais', 'Cabo fixo Tipo 2 (5m)', 'Carregador AC trifásico de 22kW com controle de acesso NFC/App e OCPP 1.6J.', 'O INCHARGE 22kW SMART combina a alta potência de 22kW trifásico com recursos de conectividade completos: controle de acesso por cartão NFC ou App, comunicação OCPP 1.6J, medidor de energia integrado e controle de carga remoto. Inclui Gateway de conexão. Indicado para estacionamentos comerciais, frotas corporativas e condomínios que precisam de gestão centralizada de recargas.', 'static/produtos/incharge-smart-22kw.webp');
REPLACE INTO `produtos` (`id`, `slug`, `nome`, `marca_id`, `categoria_id`, `potencia`, `tensao`, `aplicacao`, `tipo`, `resumo`, `descricao`, `imagem`) VALUES (36, 'incharge-emvs-30kw', 'INCHARGE EMVS 30kW', 'incharge', 'estacoes', '30 kW', '400 Vca, 3P+N+PE (304~456 Vca)', 'Corporativo, Estacionamentos, Frotas, Pontos Comerciais', 'Cabo fixo CCS2 (3m)', 'Wallbox DC de 30kW com display touchscreen de 10,4", OCPP 1.6J e até 96,5% de eficiência.', 'O INCHARGE EMVS 30kW é uma estação de carregamento rápido DC em formato wallbox, para montagem em parede ou totem. Com 30kW de potência DC, display touchscreen TFT de 10,4", conector CCS2, comunicação via LAN e protocolo OCPP 1.6J, atende estacionamentos, frotas e pontos comerciais que precisam de carregamento rápido em espaço reduzido. Eficiência geral de até 96,5% e operação de -35°C a 60°C.', 'static/produtos/incharge-emvs-30kw.webp');
REPLACE INTO `produtos` (`id`, `slug`, `nome`, `marca_id`, `categoria_id`, `potencia`, `tensao`, `aplicacao`, `tipo`, `resumo`, `descricao`, `imagem`) VALUES (37, 'incharge-fast-charge-60kw', 'INCHARGE Fast Charge 60kW', 'incharge', 'estacoes', '60 kW', '304~456V AC 3P+N+T (50/60 Hz)', 'Corporativo, Estacionamentos, Postos, Frotas, Uso Público', '2× CCS2 (auto portante)', 'Carregador DC rápido autosuportado de 60kW com 2 saídas CCS2, display touch 10,4" e OCPP 1.6J.', 'O INCHARGE Fast Charge 60kW (INC60kW-DC) é um carregador DC rápido em formato totem autosuportado, com dois conectores CCS2. Estratégia de carregamento flexível: 60+0, 0+60 ou 30+30 kW por conector. Display touchscreen de 10,4", controle de acesso local/cartão/app, comunicação OCPP 1.6J e controle de carga. Tensão de saída de 150 a 1000 VDC com corrente máxima de 200A. Robusto, com proteção IP54, IK10 e operação de -20°C a 60°C.', 'static/produtos/incharge-fast-charge-60kw.webp');
REPLACE INTO `produtos` (`id`, `slug`, `nome`, `marca_id`, `categoria_id`, `potencia`, `tensao`, `aplicacao`, `tipo`, `resumo`, `descricao`, `imagem`) VALUES (38, 'incharge-fast-charge-150kw', 'INCHARGE Fast Charge 150kw', 'incharge', 'estacoes', '150 kW', '304~456V AC 3P+N+T (50/60 Hz)', 'Postos de Recarga, Uso Público, Frotas de Alta Demanda', '2× CCS2 (auto portante)', 'Carregador DC ultrarrápido autosuportado de 150kW com 2 saídas CCS2, display touch 10,4" e OCPP 1.6J.', 'O INCHARGE Fast Charge 150kW (INC150kW-DC) é o carregador DC de maior potência da linha INCHARGE. Em formato totem autosuportado com dois conectores CCS2, entrega até 150kW com estratégias de divisão de carga flexíveis: 150+0, 0+150 ou 90+60 kW. Display touchscreen de 10,4", controle de acesso multicanal, OCPP 1.6J e tensão de saída de 150 a 1000 VDC com 200A máximos. Ideal para postos de recarga de alta demanda e frotas comerciais.', 'static/produtos/incharge-fast-charge-150kw.webp');

-- 2. Substituição de Variações (REPLACE INTO via chave primária SKU)
REPLACE INTO `produto_variacoes` (`sku`, `produto_id`, `nome`, `adicional_desc`) VALUES ('INC1X32H5', 28, 'INCHARGE HOME 5 — 7,4kW Monofásico', '210~240V AC, Cabo 5m, Conector Tipo 2');
REPLACE INTO `produto_variacoes` (`sku`, `produto_id`, `nome`, `adicional_desc`) VALUES ('INC1X32H7', 29, 'INCHARGE HOME 7 — 7,4kW Monofásico', '210~240V AC, Cabo 7m, Conector Tipo 2');
REPLACE INTO `produto_variacoes` (`sku`, `produto_id`, `nome`, `adicional_desc`) VALUES ('INC3X32H5', 30, 'INCHARGE HOME Trifásico 5 — 22kW', '365~415V AC Trifásico, Cabo 5m, Conector Tipo 2');
REPLACE INTO `produto_variacoes` (`sku`, `produto_id`, `nome`, `adicional_desc`) VALUES ('INC3X32H7', 31, 'INCHARGE HOME Trifásico 7 — 22kW', '365~415V AC Trifásico, Cabo 7m, Conector Tipo 2');
REPLACE INTO `produto_variacoes` (`sku`, `produto_id`, `nome`, `adicional_desc`) VALUES ('INC1X32P', 32, 'INCHARGE 7,4kW PLUS', '210~240V AC Monofásico/Bifásico, Cabo 5m, Conector Tipo 2');
REPLACE INTO `produto_variacoes` (`sku`, `produto_id`, `nome`, `adicional_desc`) VALUES ('INC1X32S', 33, 'INCHARGE 7,4kW SMART', '210~240V AC Monofásico/Bifásico, Cabo 5m, NFC + OCPP 1.6J');
REPLACE INTO `produto_variacoes` (`sku`, `produto_id`, `nome`, `adicional_desc`) VALUES ('INC3X32P', 34, 'INCHARGE 22kW PLUS', '365~415V AC Trifásico, Cabo 5m, Conector Tipo 2');
REPLACE INTO `produto_variacoes` (`sku`, `produto_id`, `nome`, `adicional_desc`) VALUES ('INC3X32S', 35, 'INCHARGE 22kW SMART', '365~415V AC Trifásico, Cabo 5m, NFC + OCPP 1.6J');
REPLACE INTO `produto_variacoes` (`sku`, `produto_id`, `nome`, `adicional_desc`) VALUES ('EVMS-30', 36, 'INCHARGE EMVS 30kW', '400 Vca Trifásico, Cabo CCS2 3m, LAN + OCPP 1.6J');
REPLACE INTO `produto_variacoes` (`sku`, `produto_id`, `nome`, `adicional_desc`) VALUES ('INC60kW-DC', 37, 'INCHARGE Fast Charge 60kW', '2× CCS2, Estratégia 60+0 / 0+60 / 30+30 kW, OCPP 1.6J');
REPLACE INTO `produto_variacoes` (`sku`, `produto_id`, `nome`, `adicional_desc`) VALUES ('INC150kW-DC', 38, 'INCHARGE Fast Charge 150kW', '2× CCS2, Estratégia 150+0 / 0+150 / 90+60 kW, OCPP 1.6J');

-- 3. Inserção de Diferenciais (Seguros pós-limpeza por cascade do produto)
INSERT INTO `produto_diferenciais` (`produto_id`, `diferencial`, `ordem`) VALUES (28, 'Indicação de status por LEDs (Carregando, Conectado, Erro)', 0);
INSERT INTO `produto_diferenciais` (`produto_id`, `diferencial`, `ordem`) VALUES (28, 'Montagem em parede ou totem', 1);
INSERT INTO `produto_diferenciais` (`produto_id`, `diferencial`, `ordem`) VALUES (28, 'Proteção IP54 e IK10', 2);
INSERT INTO `produto_diferenciais` (`produto_id`, `diferencial`, `ordem`) VALUES (28, 'Cabo de 5 metros com conector Tipo 2', 3);
INSERT INTO `produto_diferenciais` (`produto_id`, `diferencial`, `ordem`) VALUES (28, 'Fácil instalação com suporte metálico incluso', 4);
INSERT INTO `produto_diferenciais` (`produto_id`, `diferencial`, `ordem`) VALUES (29, 'Cabo de 7 metros com conector Tipo 2 para maior alcance', 0);
INSERT INTO `produto_diferenciais` (`produto_id`, `diferencial`, `ordem`) VALUES (29, 'Indicação de status por LEDs (Carregando, Conectado, Erro)', 1);
INSERT INTO `produto_diferenciais` (`produto_id`, `diferencial`, `ordem`) VALUES (29, 'Montagem em parede ou totem', 2);
INSERT INTO `produto_diferenciais` (`produto_id`, `diferencial`, `ordem`) VALUES (29, 'Proteção IP54 e IK10', 3);
INSERT INTO `produto_diferenciais` (`produto_id`, `diferencial`, `ordem`) VALUES (29, 'Fácil instalação com suporte metálico incluso', 4);
INSERT INTO `produto_diferenciais` (`produto_id`, `diferencial`, `ordem`) VALUES (30, 'Carregamento trifásico de até 22kW', 0);
INSERT INTO `produto_diferenciais` (`produto_id`, `diferencial`, `ordem`) VALUES (30, 'Indicação de status por LEDs', 1);
INSERT INTO `produto_diferenciais` (`produto_id`, `diferencial`, `ordem`) VALUES (30, 'Montagem em parede ou totem', 2);
INSERT INTO `produto_diferenciais` (`produto_id`, `diferencial`, `ordem`) VALUES (30, 'Proteção IP54 e IK10', 3);
INSERT INTO `produto_diferenciais` (`produto_id`, `diferencial`, `ordem`) VALUES (30, 'Cabo de 5 metros com conector Tipo 2', 4);
INSERT INTO `produto_diferenciais` (`produto_id`, `diferencial`, `ordem`) VALUES (31, 'Carregamento trifásico de até 22kW', 0);
INSERT INTO `produto_diferenciais` (`produto_id`, `diferencial`, `ordem`) VALUES (31, 'Cabo de 7 metros para maior alcance', 1);
INSERT INTO `produto_diferenciais` (`produto_id`, `diferencial`, `ordem`) VALUES (31, 'Indicação de status por LEDs', 2);
INSERT INTO `produto_diferenciais` (`produto_id`, `diferencial`, `ordem`) VALUES (31, 'Montagem em parede ou totem', 3);
INSERT INTO `produto_diferenciais` (`produto_id`, `diferencial`, `ordem`) VALUES (31, 'Proteção IP54 e IK10', 4);
INSERT INTO `produto_diferenciais` (`produto_id`, `diferencial`, `ordem`) VALUES (32, 'Design premiado internacionalmente (iF Design Award 2021)', 0);
INSERT INTO `produto_diferenciais` (`produto_id`, `diferencial`, `ordem`) VALUES (32, 'Display cromático indicativo de status', 1);
INSERT INTO `produto_diferenciais` (`produto_id`, `diferencial`, `ordem`) VALUES (32, 'Montagem em parede ou totem', 2);
INSERT INTO `produto_diferenciais` (`produto_id`, `diferencial`, `ordem`) VALUES (32, 'Proteção IP54 e IK10 — uso interno e externo', 3);
INSERT INTO `produto_diferenciais` (`produto_id`, `diferencial`, `ordem`) VALUES (32, 'Cabo de 5 metros com conector Tipo 2', 4);
INSERT INTO `produto_diferenciais` (`produto_id`, `diferencial`, `ordem`) VALUES (33, 'Controle de acesso via cartão NFC e App', 0);
INSERT INTO `produto_diferenciais` (`produto_id`, `diferencial`, `ordem`) VALUES (33, 'Comunicação OCPP 1.6J para gestão remota', 1);
INSERT INTO `produto_diferenciais` (`produto_id`, `diferencial`, `ordem`) VALUES (33, 'Medidor de energia integrado', 2);
INSERT INTO `produto_diferenciais` (`produto_id`, `diferencial`, `ordem`) VALUES (33, 'Controle de carga inteligente', 3);
INSERT INTO `produto_diferenciais` (`produto_id`, `diferencial`, `ordem`) VALUES (33, 'Gateway de conexão incluso', 4);
INSERT INTO `produto_diferenciais` (`produto_id`, `diferencial`, `ordem`) VALUES (33, 'Design premiado internacionalmente (iF Design Award 2021)', 5);
INSERT INTO `produto_diferenciais` (`produto_id`, `diferencial`, `ordem`) VALUES (33, 'Proteção IP54 e IK10 — uso interno e externo', 6);
INSERT INTO `produto_diferenciais` (`produto_id`, `diferencial`, `ordem`) VALUES (34, 'Carregamento trifásico de até 22kW', 0);
INSERT INTO `produto_diferenciais` (`produto_id`, `diferencial`, `ordem`) VALUES (34, 'Design premiado internacionalmente (iF Design Award 2021)', 1);
INSERT INTO `produto_diferenciais` (`produto_id`, `diferencial`, `ordem`) VALUES (34, 'Display cromático indicativo de status', 2);
INSERT INTO `produto_diferenciais` (`produto_id`, `diferencial`, `ordem`) VALUES (34, 'Proteção IP54 e IK10 — uso interno e externo', 3);
INSERT INTO `produto_diferenciais` (`produto_id`, `diferencial`, `ordem`) VALUES (34, 'Montagem em parede ou totem', 4);
INSERT INTO `produto_diferenciais` (`produto_id`, `diferencial`, `ordem`) VALUES (35, 'Carregamento trifásico de até 22kW', 0);
INSERT INTO `produto_diferenciais` (`produto_id`, `diferencial`, `ordem`) VALUES (35, 'Controle de acesso via cartão NFC e App', 1);
INSERT INTO `produto_diferenciais` (`produto_id`, `diferencial`, `ordem`) VALUES (35, 'Comunicação OCPP 1.6J para gestão remota', 2);
INSERT INTO `produto_diferenciais` (`produto_id`, `diferencial`, `ordem`) VALUES (35, 'Medidor de energia integrado', 3);
INSERT INTO `produto_diferenciais` (`produto_id`, `diferencial`, `ordem`) VALUES (35, 'Controle de carga inteligente', 4);
INSERT INTO `produto_diferenciais` (`produto_id`, `diferencial`, `ordem`) VALUES (35, 'Gateway de conexão incluso', 5);
INSERT INTO `produto_diferenciais` (`produto_id`, `diferencial`, `ordem`) VALUES (35, 'Proteção IP54 e IK10 — uso interno e externo', 6);
INSERT INTO `produto_diferenciais` (`produto_id`, `diferencial`, `ordem`) VALUES (36, 'Carregamento DC rápido de 30kW', 0);
INSERT INTO `produto_diferenciais` (`produto_id`, `diferencial`, `ordem`) VALUES (36, 'Display touchscreen TFT de 10,4"', 1);
INSERT INTO `produto_diferenciais` (`produto_id`, `diferencial`, `ordem`) VALUES (36, 'Eficiência de até 96,5% (sistema)', 2);
INSERT INTO `produto_diferenciais` (`produto_id`, `diferencial`, `ordem`) VALUES (36, 'Comunicação LAN com protocolo OCPP 1.6J', 3);
INSERT INTO `produto_diferenciais` (`produto_id`, `diferencial`, `ordem`) VALUES (36, 'Proteção IP55 e IK10', 4);
INSERT INTO `produto_diferenciais` (`produto_id`, `diferencial`, `ordem`) VALUES (36, 'Operação entre -35°C e 60°C', 5);
INSERT INTO `produto_diferenciais` (`produto_id`, `diferencial`, `ordem`) VALUES (36, 'Nível de ruído inferior a 55dB', 6);
INSERT INTO `produto_diferenciais` (`produto_id`, `diferencial`, `ordem`) VALUES (37, '2 saídas CCS2 com estratégia de divisão de carga flexível', 0);
INSERT INTO `produto_diferenciais` (`produto_id`, `diferencial`, `ordem`) VALUES (37, 'Display touchscreen de 10,4"', 1);
INSERT INTO `produto_diferenciais` (`produto_id`, `diferencial`, `ordem`) VALUES (37, 'Controle de acesso: Local, Cartão RFID e App', 2);
INSERT INTO `produto_diferenciais` (`produto_id`, `diferencial`, `ordem`) VALUES (37, 'Comunicação OCPP 1.6J', 3);
INSERT INTO `produto_diferenciais` (`produto_id`, `diferencial`, `ordem`) VALUES (37, 'Tensão de saída ampla: 150~1000 VDC', 4);
INSERT INTO `produto_diferenciais` (`produto_id`, `diferencial`, `ordem`) VALUES (37, 'Proteção IP54 e IK10', 5);
INSERT INTO `produto_diferenciais` (`produto_id`, `diferencial`, `ordem`) VALUES (37, 'Totem autosuportado — sem fixação em parede', 6);
INSERT INTO `produto_diferenciais` (`produto_id`, `diferencial`, `ordem`) VALUES (38, 'Potência DC ultrarrápida de até 150kW', 0);
INSERT INTO `produto_diferenciais` (`produto_id`, `diferencial`, `ordem`) VALUES (38, '2 saídas CCS2 com estratégia de divisão de carga flexível (150+0 / 0+150 / 90+60)', 1);
INSERT INTO `produto_diferenciais` (`produto_id`, `diferencial`, `ordem`) VALUES (38, 'Display touchscreen de 10,4"', 2);
INSERT INTO `produto_diferenciais` (`produto_id`, `diferencial`, `ordem`) VALUES (38, 'Controle de acesso: Local, Cartão RFID e App', 3);
INSERT INTO `produto_diferenciais` (`produto_id`, `diferencial`, `ordem`) VALUES (38, 'Comunicação OCPP 1.6J', 4);
INSERT INTO `produto_diferenciais` (`produto_id`, `diferencial`, `ordem`) VALUES (38, 'Tensão de saída ampla: 150~1000 VDC', 5);
INSERT INTO `produto_diferenciais` (`produto_id`, `diferencial`, `ordem`) VALUES (38, 'Proteção IP54 e IK10', 6);
INSERT INTO `produto_diferenciais` (`produto_id`, `diferencial`, `ordem`) VALUES (38, 'Totem autosuportado robusto — 260 kg', 7);

-- 4. Inserção de Especificações Técnicas (Seguras pós-limpeza por cascade do produto)
INSERT INTO `produto_especificacoes` (`produto_id`, `chave`, `valor`, `ordem`) VALUES (28, 'Código do produto', 'INC1X32H5', 301);
INSERT INTO `produto_especificacoes` (`produto_id`, `chave`, `valor`, `ordem`) VALUES (28, 'Linha', 'HOME', 302);
INSERT INTO `produto_especificacoes` (`produto_id`, `chave`, `valor`, `ordem`) VALUES (28, 'Potência máxima', '7,4 kW', 303);
INSERT INTO `produto_especificacoes` (`produto_id`, `chave`, `valor`, `ordem`) VALUES (28, 'Tensão de alimentação', '210~240V AC 50/60Hz', 304);
INSERT INTO `produto_especificacoes` (`produto_id`, `chave`, `valor`, `ordem`) VALUES (28, 'Descrição dos pólos', 'P+N+T', 305);
INSERT INTO `produto_especificacoes` (`produto_id`, `chave`, `valor`, `ordem`) VALUES (28, 'Número de saídas', '1', 306);
INSERT INTO `produto_especificacoes` (`produto_id`, `chave`, `valor`, `ordem`) VALUES (28, 'Padrão do conector', 'Tipo 2', 307);
INSERT INTO `produto_especificacoes` (`produto_id`, `chave`, `valor`, `ordem`) VALUES (28, 'Comprimento do cabo', '5 m', 308);
INSERT INTO `produto_especificacoes` (`produto_id`, `chave`, `valor`, `ordem`) VALUES (28, 'Aterramento', 'TN/TT', 309);
INSERT INTO `produto_especificacoes` (`produto_id`, `chave`, `valor`, `ordem`) VALUES (28, 'Sinalização local', 'LEDs para indicação de estado', 310);
INSERT INTO `produto_especificacoes` (`produto_id`, `chave`, `valor`, `ordem`) VALUES (28, 'Comunicação', 'Não', 311);
INSERT INTO `produto_especificacoes` (`produto_id`, `chave`, `valor`, `ordem`) VALUES (28, 'Controle de carga', 'Não', 312);
INSERT INTO `produto_especificacoes` (`produto_id`, `chave`, `valor`, `ordem`) VALUES (28, 'Normas', 'IEC 61851 / IEC 62197', 313);
INSERT INTO `produto_especificacoes` (`produto_id`, `chave`, `valor`, `ordem`) VALUES (28, 'Grau de proteção IP', 'IP54', 314);
INSERT INTO `produto_especificacoes` (`produto_id`, `chave`, `valor`, `ordem`) VALUES (28, 'Grau de proteção IK', 'IK10', 315);
INSERT INTO `produto_especificacoes` (`produto_id`, `chave`, `valor`, `ordem`) VALUES (28, 'Temperatura de operação', '-30 / 50°C', 316);
INSERT INTO `produto_especificacoes` (`produto_id`, `chave`, `valor`, `ordem`) VALUES (28, 'Temperatura de armazenamento', '-40 / 80°C', 317);
INSERT INTO `produto_especificacoes` (`produto_id`, `chave`, `valor`, `ordem`) VALUES (28, 'Humidade relativa', '5 / 95%', 318);
INSERT INTO `produto_especificacoes` (`produto_id`, `chave`, `valor`, `ordem`) VALUES (28, 'Altura', '300 mm', 319);
INSERT INTO `produto_especificacoes` (`produto_id`, `chave`, `valor`, `ordem`) VALUES (28, 'Largura', '220 mm', 320);
INSERT INTO `produto_especificacoes` (`produto_id`, `chave`, `valor`, `ordem`) VALUES (28, 'Profundidade', '90 mm', 321);
INSERT INTO `produto_especificacoes` (`produto_id`, `chave`, `valor`, `ordem`) VALUES (28, 'Peso líquido', '3,2 kg', 322);
INSERT INTO `produto_especificacoes` (`produto_id`, `chave`, `valor`, `ordem`) VALUES (29, 'Código do produto', 'INC1X32H7', 323);
INSERT INTO `produto_especificacoes` (`produto_id`, `chave`, `valor`, `ordem`) VALUES (29, 'Linha', 'HOME', 324);
INSERT INTO `produto_especificacoes` (`produto_id`, `chave`, `valor`, `ordem`) VALUES (29, 'Potência máxima', '7,4 kW', 325);
INSERT INTO `produto_especificacoes` (`produto_id`, `chave`, `valor`, `ordem`) VALUES (29, 'Tensão de alimentação', '210~240V AC 50/60Hz', 326);
INSERT INTO `produto_especificacoes` (`produto_id`, `chave`, `valor`, `ordem`) VALUES (29, 'Descrição dos pólos', 'P+N+T', 327);
INSERT INTO `produto_especificacoes` (`produto_id`, `chave`, `valor`, `ordem`) VALUES (29, 'Número de saídas', '1', 328);
INSERT INTO `produto_especificacoes` (`produto_id`, `chave`, `valor`, `ordem`) VALUES (29, 'Padrão do conector', 'Tipo 2', 329);
INSERT INTO `produto_especificacoes` (`produto_id`, `chave`, `valor`, `ordem`) VALUES (29, 'Comprimento do cabo', '7 m', 330);
INSERT INTO `produto_especificacoes` (`produto_id`, `chave`, `valor`, `ordem`) VALUES (29, 'Aterramento', 'TN/TT', 331);
INSERT INTO `produto_especificacoes` (`produto_id`, `chave`, `valor`, `ordem`) VALUES (29, 'Sinalização local', 'LEDs para indicação de estado', 332);
INSERT INTO `produto_especificacoes` (`produto_id`, `chave`, `valor`, `ordem`) VALUES (29, 'Comunicação', 'Não', 333);
INSERT INTO `produto_especificacoes` (`produto_id`, `chave`, `valor`, `ordem`) VALUES (29, 'Controle de carga', 'Não', 334);
INSERT INTO `produto_especificacoes` (`produto_id`, `chave`, `valor`, `ordem`) VALUES (29, 'Normas', 'IEC 61851 / IEC 62197', 335);
INSERT INTO `produto_especificacoes` (`produto_id`, `chave`, `valor`, `ordem`) VALUES (29, 'Grau de proteção IP', 'IP54', 336);
INSERT INTO `produto_especificacoes` (`produto_id`, `chave`, `valor`, `ordem`) VALUES (29, 'Grau de proteção IK', 'IK10', 337);
INSERT INTO `produto_especificacoes` (`produto_id`, `chave`, `valor`, `ordem`) VALUES (29, 'Temperatura de operação', '-30 / 50°C', 338);
INSERT INTO `produto_especificacoes` (`produto_id`, `chave`, `valor`, `ordem`) VALUES (29, 'Temperatura de armazenamento', '-40 / 80°C', 339);
INSERT INTO `produto_especificacoes` (`produto_id`, `chave`, `valor`, `ordem`) VALUES (29, 'Humidade relativa', '5 / 95%', 340);
INSERT INTO `produto_especificacoes` (`produto_id`, `chave`, `valor`, `ordem`) VALUES (29, 'Altura', '300 mm', 341);
INSERT INTO `produto_especificacoes` (`produto_id`, `chave`, `valor`, `ordem`) VALUES (29, 'Largura', '220 mm', 342);
INSERT INTO `produto_especificacoes` (`produto_id`, `chave`, `valor`, `ordem`) VALUES (29, 'Profundidade', '90 mm', 343);
INSERT INTO `produto_especificacoes` (`produto_id`, `chave`, `valor`, `ordem`) VALUES (29, 'Peso líquido', '3,9 kg', 344);
INSERT INTO `produto_especificacoes` (`produto_id`, `chave`, `valor`, `ordem`) VALUES (30, 'Código do produto', 'INC3X32H5', 345);
INSERT INTO `produto_especificacoes` (`produto_id`, `chave`, `valor`, `ordem`) VALUES (30, 'Linha', 'HOME', 346);
INSERT INTO `produto_especificacoes` (`produto_id`, `chave`, `valor`, `ordem`) VALUES (30, 'Potência máxima', '22 kW', 347);
INSERT INTO `produto_especificacoes` (`produto_id`, `chave`, `valor`, `ordem`) VALUES (30, 'Tensão de alimentação', '365~415V AC 50/60Hz', 348);
INSERT INTO `produto_especificacoes` (`produto_id`, `chave`, `valor`, `ordem`) VALUES (30, 'Descrição dos pólos', '3P+N+T', 349);
INSERT INTO `produto_especificacoes` (`produto_id`, `chave`, `valor`, `ordem`) VALUES (30, 'Número de saídas', '1', 350);
INSERT INTO `produto_especificacoes` (`produto_id`, `chave`, `valor`, `ordem`) VALUES (30, 'Padrão do conector', 'Tipo 2', 351);
INSERT INTO `produto_especificacoes` (`produto_id`, `chave`, `valor`, `ordem`) VALUES (30, 'Comprimento do cabo', '5 m', 352);
INSERT INTO `produto_especificacoes` (`produto_id`, `chave`, `valor`, `ordem`) VALUES (30, 'Aterramento', 'TN/TT', 353);
INSERT INTO `produto_especificacoes` (`produto_id`, `chave`, `valor`, `ordem`) VALUES (30, 'Sinalização local', 'LEDs para indicação de estado', 354);
INSERT INTO `produto_especificacoes` (`produto_id`, `chave`, `valor`, `ordem`) VALUES (30, 'Comunicação', 'Não', 355);
INSERT INTO `produto_especificacoes` (`produto_id`, `chave`, `valor`, `ordem`) VALUES (30, 'Controle de carga', 'Não', 356);
INSERT INTO `produto_especificacoes` (`produto_id`, `chave`, `valor`, `ordem`) VALUES (30, 'Normas', 'IEC 61851 / IEC 62197', 357);
INSERT INTO `produto_especificacoes` (`produto_id`, `chave`, `valor`, `ordem`) VALUES (30, 'Grau de proteção IP', 'IP54', 358);
INSERT INTO `produto_especificacoes` (`produto_id`, `chave`, `valor`, `ordem`) VALUES (30, 'Grau de proteção IK', 'IK10', 359);
INSERT INTO `produto_especificacoes` (`produto_id`, `chave`, `valor`, `ordem`) VALUES (30, 'Temperatura de operação', '-30 / 50°C', 360);
INSERT INTO `produto_especificacoes` (`produto_id`, `chave`, `valor`, `ordem`) VALUES (30, 'Temperatura de armazenamento', '-40 / 80°C', 361);
INSERT INTO `produto_especificacoes` (`produto_id`, `chave`, `valor`, `ordem`) VALUES (30, 'Humidade relativa', '5 / 95%', 362);
INSERT INTO `produto_especificacoes` (`produto_id`, `chave`, `valor`, `ordem`) VALUES (30, 'Altura', '300 mm', 363);
INSERT INTO `produto_especificacoes` (`produto_id`, `chave`, `valor`, `ordem`) VALUES (30, 'Largura', '220 mm', 364);
INSERT INTO `produto_especificacoes` (`produto_id`, `chave`, `valor`, `ordem`) VALUES (30, 'Profundidade', '90 mm', 365);
INSERT INTO `produto_especificacoes` (`produto_id`, `chave`, `valor`, `ordem`) VALUES (30, 'Peso líquido', '3,7 kg', 366);
INSERT INTO `produto_especificacoes` (`produto_id`, `chave`, `valor`, `ordem`) VALUES (31, 'Código do produto', 'INC3X32H7', 367);
INSERT INTO `produto_especificacoes` (`produto_id`, `chave`, `valor`, `ordem`) VALUES (31, 'Linha', 'HOME', 368);
INSERT INTO `produto_especificacoes` (`produto_id`, `chave`, `valor`, `ordem`) VALUES (31, 'Potência máxima', '22 kW', 369);
INSERT INTO `produto_especificacoes` (`produto_id`, `chave`, `valor`, `ordem`) VALUES (31, 'Tensão de alimentação', '365~415V AC 50/60Hz', 370);
INSERT INTO `produto_especificacoes` (`produto_id`, `chave`, `valor`, `ordem`) VALUES (31, 'Descrição dos pólos', '3P+N+T', 371);
INSERT INTO `produto_especificacoes` (`produto_id`, `chave`, `valor`, `ordem`) VALUES (31, 'Número de saídas', '1', 372);
INSERT INTO `produto_especificacoes` (`produto_id`, `chave`, `valor`, `ordem`) VALUES (31, 'Padrão do conector', 'Tipo 2', 373);
INSERT INTO `produto_especificacoes` (`produto_id`, `chave`, `valor`, `ordem`) VALUES (31, 'Comprimento do cabo', '7 m', 374);
INSERT INTO `produto_especificacoes` (`produto_id`, `chave`, `valor`, `ordem`) VALUES (31, 'Aterramento', 'TN/TT', 375);
INSERT INTO `produto_especificacoes` (`produto_id`, `chave`, `valor`, `ordem`) VALUES (31, 'Sinalização local', 'LEDs para indicação de estado', 376);
INSERT INTO `produto_especificacoes` (`produto_id`, `chave`, `valor`, `ordem`) VALUES (31, 'Comunicação', 'Não', 377);
INSERT INTO `produto_especificacoes` (`produto_id`, `chave`, `valor`, `ordem`) VALUES (31, 'Controle de carga', 'Não', 378);
INSERT INTO `produto_especificacoes` (`produto_id`, `chave`, `valor`, `ordem`) VALUES (31, 'Normas', 'IEC 61851 / IEC 62197', 379);
INSERT INTO `produto_especificacoes` (`produto_id`, `chave`, `valor`, `ordem`) VALUES (31, 'Grau de proteção IP', 'IP54', 380);
INSERT INTO `produto_especificacoes` (`produto_id`, `chave`, `valor`, `ordem`) VALUES (31, 'Grau de proteção IK', 'IK10', 381);
INSERT INTO `produto_especificacoes` (`produto_id`, `chave`, `valor`, `ordem`) VALUES (31, 'Temperatura de operação', '-30 / 50°C', 382);
INSERT INTO `produto_especificacoes` (`produto_id`, `chave`, `valor`, `ordem`) VALUES (31, 'Temperatura de armazenamento', '-40 / 80°C', 383);
INSERT INTO `produto_especificacoes` (`produto_id`, `chave`, `valor`, `ordem`) VALUES (31, 'Humidade relativa', '5 / 95%', 384);
INSERT INTO `produto_especificacoes` (`produto_id`, `chave`, `valor`, `ordem`) VALUES (31, 'Altura', '300 mm', 385);
INSERT INTO `produto_especificacoes` (`produto_id`, `chave`, `valor`, `ordem`) VALUES (31, 'Largura', '220 mm', 386);
INSERT INTO `produto_especificacoes` (`produto_id`, `chave`, `valor`, `ordem`) VALUES (31, 'Profundidade', '90 mm', 387);
INSERT INTO `produto_especificacoes` (`produto_id`, `chave`, `valor`, `ordem`) VALUES (31, 'Peso líquido', '5,4 kg', 388);
INSERT INTO `produto_especificacoes` (`produto_id`, `chave`, `valor`, `ordem`) VALUES (32, 'Código do produto', 'INC1X32P', 389);
INSERT INTO `produto_especificacoes` (`produto_id`, `chave`, `valor`, `ordem`) VALUES (32, 'Linha', 'PLUS', 390);
INSERT INTO `produto_especificacoes` (`produto_id`, `chave`, `valor`, `ordem`) VALUES (32, 'Potência máxima', '7,4 kW', 391);
INSERT INTO `produto_especificacoes` (`produto_id`, `chave`, `valor`, `ordem`) VALUES (32, 'Tensão de alimentação', '210~240V AC 50/60Hz', 392);
INSERT INTO `produto_especificacoes` (`produto_id`, `chave`, `valor`, `ordem`) VALUES (32, 'Descrição dos pólos', 'P+N+T', 393);
INSERT INTO `produto_especificacoes` (`produto_id`, `chave`, `valor`, `ordem`) VALUES (32, 'Modo de montagem', 'Parede/Totem', 394);
INSERT INTO `produto_especificacoes` (`produto_id`, `chave`, `valor`, `ordem`) VALUES (32, 'Número de saídas', '1', 395);
INSERT INTO `produto_especificacoes` (`produto_id`, `chave`, `valor`, `ordem`) VALUES (32, 'Padrão do conector', 'Tipo 2', 396);
INSERT INTO `produto_especificacoes` (`produto_id`, `chave`, `valor`, `ordem`) VALUES (32, 'Comprimento do cabo', '5 m', 397);
INSERT INTO `produto_especificacoes` (`produto_id`, `chave`, `valor`, `ordem`) VALUES (32, 'Aterramento', 'TN/TT', 398);
INSERT INTO `produto_especificacoes` (`produto_id`, `chave`, `valor`, `ordem`) VALUES (32, 'Sinalização local', 'Display cromático (LEDs)', 399);
INSERT INTO `produto_especificacoes` (`produto_id`, `chave`, `valor`, `ordem`) VALUES (32, 'Comunicação', 'Não', 400);
INSERT INTO `produto_especificacoes` (`produto_id`, `chave`, `valor`, `ordem`) VALUES (32, 'Controle de carga', 'Não', 401);
INSERT INTO `produto_especificacoes` (`produto_id`, `chave`, `valor`, `ordem`) VALUES (32, 'Normas', 'IEC 61851 / IEC 62197', 402);
INSERT INTO `produto_especificacoes` (`produto_id`, `chave`, `valor`, `ordem`) VALUES (32, 'Grau de proteção IP', 'IP54', 403);
INSERT INTO `produto_especificacoes` (`produto_id`, `chave`, `valor`, `ordem`) VALUES (32, 'Grau de proteção IK', 'IK10', 404);
INSERT INTO `produto_especificacoes` (`produto_id`, `chave`, `valor`, `ordem`) VALUES (32, 'Temperatura de operação', '-30 / 50°C', 405);
INSERT INTO `produto_especificacoes` (`produto_id`, `chave`, `valor`, `ordem`) VALUES (32, 'Temperatura de armazenamento', '-40 / 80°C', 406);
INSERT INTO `produto_especificacoes` (`produto_id`, `chave`, `valor`, `ordem`) VALUES (32, 'Humidade relativa', '5 / 95%', 407);
INSERT INTO `produto_especificacoes` (`produto_id`, `chave`, `valor`, `ordem`) VALUES (32, 'Altura', '500 mm', 408);
INSERT INTO `produto_especificacoes` (`produto_id`, `chave`, `valor`, `ordem`) VALUES (32, 'Largura', '220 mm', 409);
INSERT INTO `produto_especificacoes` (`produto_id`, `chave`, `valor`, `ordem`) VALUES (32, 'Profundidade', '200 mm', 410);
INSERT INTO `produto_especificacoes` (`produto_id`, `chave`, `valor`, `ordem`) VALUES (32, 'Peso líquido', '6,0 kg', 411);
INSERT INTO `produto_especificacoes` (`produto_id`, `chave`, `valor`, `ordem`) VALUES (32, 'Cor', 'Cinza cool gray 3C', 412);
INSERT INTO `produto_especificacoes` (`produto_id`, `chave`, `valor`, `ordem`) VALUES (33, 'Código do produto', 'INC1X32S', 413);
INSERT INTO `produto_especificacoes` (`produto_id`, `chave`, `valor`, `ordem`) VALUES (33, 'Linha', 'SMART', 414);
INSERT INTO `produto_especificacoes` (`produto_id`, `chave`, `valor`, `ordem`) VALUES (33, 'Potência máxima', '7,4 kW', 415);
INSERT INTO `produto_especificacoes` (`produto_id`, `chave`, `valor`, `ordem`) VALUES (33, 'Tensão de alimentação', '210~240V AC 50/60Hz', 416);
INSERT INTO `produto_especificacoes` (`produto_id`, `chave`, `valor`, `ordem`) VALUES (33, 'Descrição dos pólos', 'P+N+T', 417);
INSERT INTO `produto_especificacoes` (`produto_id`, `chave`, `valor`, `ordem`) VALUES (33, 'Modo de montagem', 'Parede/Totem', 418);
INSERT INTO `produto_especificacoes` (`produto_id`, `chave`, `valor`, `ordem`) VALUES (33, 'Número de saídas', '1', 419);
INSERT INTO `produto_especificacoes` (`produto_id`, `chave`, `valor`, `ordem`) VALUES (33, 'Padrão do conector', 'Tipo 2', 420);
INSERT INTO `produto_especificacoes` (`produto_id`, `chave`, `valor`, `ordem`) VALUES (33, 'Comprimento do cabo', '5 m', 421);
INSERT INTO `produto_especificacoes` (`produto_id`, `chave`, `valor`, `ordem`) VALUES (33, 'Aterramento', 'TN/TT', 422);
INSERT INTO `produto_especificacoes` (`produto_id`, `chave`, `valor`, `ordem`) VALUES (33, 'Sinalização local', 'Display cromático (LEDs)', 423);
INSERT INTO `produto_especificacoes` (`produto_id`, `chave`, `valor`, `ordem`) VALUES (33, 'Comunicação', 'OCPP 1.6 J', 424);
INSERT INTO `produto_especificacoes` (`produto_id`, `chave`, `valor`, `ordem`) VALUES (33, 'Controle de carga', 'Sim', 425);
INSERT INTO `produto_especificacoes` (`produto_id`, `chave`, `valor`, `ordem`) VALUES (33, 'Normas', 'IEC 61851 / IEC 62197', 426);
INSERT INTO `produto_especificacoes` (`produto_id`, `chave`, `valor`, `ordem`) VALUES (33, 'Grau de proteção IP', 'IP54', 427);
INSERT INTO `produto_especificacoes` (`produto_id`, `chave`, `valor`, `ordem`) VALUES (33, 'Grau de proteção IK', 'IK10', 428);
INSERT INTO `produto_especificacoes` (`produto_id`, `chave`, `valor`, `ordem`) VALUES (33, 'Temperatura de operação', '-30 / 50°C', 429);
INSERT INTO `produto_especificacoes` (`produto_id`, `chave`, `valor`, `ordem`) VALUES (33, 'Temperatura de armazenamento', '-40 / 80°C', 430);
INSERT INTO `produto_especificacoes` (`produto_id`, `chave`, `valor`, `ordem`) VALUES (33, 'Humidade relativa', '5 / 95%', 431);
INSERT INTO `produto_especificacoes` (`produto_id`, `chave`, `valor`, `ordem`) VALUES (33, 'Altura', '500 mm', 432);
INSERT INTO `produto_especificacoes` (`produto_id`, `chave`, `valor`, `ordem`) VALUES (33, 'Largura', '220 mm', 433);
INSERT INTO `produto_especificacoes` (`produto_id`, `chave`, `valor`, `ordem`) VALUES (33, 'Profundidade', '200 mm', 434);
INSERT INTO `produto_especificacoes` (`produto_id`, `chave`, `valor`, `ordem`) VALUES (33, 'Peso líquido', '6,2 kg', 435);
INSERT INTO `produto_especificacoes` (`produto_id`, `chave`, `valor`, `ordem`) VALUES (33, 'Cor', 'Cinza cool gray 3C', 436);
INSERT INTO `produto_especificacoes` (`produto_id`, `chave`, `valor`, `ordem`) VALUES (34, 'Código do produto', 'INC3X32P', 437);
INSERT INTO `produto_especificacoes` (`produto_id`, `chave`, `valor`, `ordem`) VALUES (34, 'Linha', 'PLUS', 438);
INSERT INTO `produto_especificacoes` (`produto_id`, `chave`, `valor`, `ordem`) VALUES (34, 'Potência máxima', '22 kW', 439);
INSERT INTO `produto_especificacoes` (`produto_id`, `chave`, `valor`, `ordem`) VALUES (34, 'Tensão de alimentação', '365~415V AC 50/60Hz', 440);
INSERT INTO `produto_especificacoes` (`produto_id`, `chave`, `valor`, `ordem`) VALUES (34, 'Descrição dos pólos', '3P+N+T', 441);
INSERT INTO `produto_especificacoes` (`produto_id`, `chave`, `valor`, `ordem`) VALUES (34, 'Modo de montagem', 'Parede/Totem', 442);
INSERT INTO `produto_especificacoes` (`produto_id`, `chave`, `valor`, `ordem`) VALUES (34, 'Número de saídas', '1', 443);
INSERT INTO `produto_especificacoes` (`produto_id`, `chave`, `valor`, `ordem`) VALUES (34, 'Padrão do conector', 'Tipo 2', 444);
INSERT INTO `produto_especificacoes` (`produto_id`, `chave`, `valor`, `ordem`) VALUES (34, 'Comprimento do cabo', '5 m', 445);
INSERT INTO `produto_especificacoes` (`produto_id`, `chave`, `valor`, `ordem`) VALUES (34, 'Aterramento', 'TN/TT', 446);
INSERT INTO `produto_especificacoes` (`produto_id`, `chave`, `valor`, `ordem`) VALUES (34, 'Sinalização local', 'Display cromático (LEDs)', 447);
INSERT INTO `produto_especificacoes` (`produto_id`, `chave`, `valor`, `ordem`) VALUES (34, 'Comunicação', 'Não', 448);
INSERT INTO `produto_especificacoes` (`produto_id`, `chave`, `valor`, `ordem`) VALUES (34, 'Controle de carga', 'Não', 449);
INSERT INTO `produto_especificacoes` (`produto_id`, `chave`, `valor`, `ordem`) VALUES (34, 'Normas', 'IEC 61851 / IEC 62197', 450);
INSERT INTO `produto_especificacoes` (`produto_id`, `chave`, `valor`, `ordem`) VALUES (34, 'Grau de proteção IP', 'IP54', 451);
INSERT INTO `produto_especificacoes` (`produto_id`, `chave`, `valor`, `ordem`) VALUES (34, 'Grau de proteção IK', 'IK10', 452);
INSERT INTO `produto_especificacoes` (`produto_id`, `chave`, `valor`, `ordem`) VALUES (34, 'Temperatura de operação', '-30 / 50°C', 453);
INSERT INTO `produto_especificacoes` (`produto_id`, `chave`, `valor`, `ordem`) VALUES (34, 'Temperatura de armazenamento', '-40 / 80°C', 454);
INSERT INTO `produto_especificacoes` (`produto_id`, `chave`, `valor`, `ordem`) VALUES (34, 'Humidade relativa', '5 / 95%', 455);
INSERT INTO `produto_especificacoes` (`produto_id`, `chave`, `valor`, `ordem`) VALUES (34, 'Altura', '500 mm', 456);
INSERT INTO `produto_especificacoes` (`produto_id`, `chave`, `valor`, `ordem`) VALUES (34, 'Largura', '220 mm', 457);
INSERT INTO `produto_especificacoes` (`produto_id`, `chave`, `valor`, `ordem`) VALUES (34, 'Profundidade', '200 mm', 458);
INSERT INTO `produto_especificacoes` (`produto_id`, `chave`, `valor`, `ordem`) VALUES (34, 'Peso líquido', '7,1 kg', 459);
INSERT INTO `produto_especificacoes` (`produto_id`, `chave`, `valor`, `ordem`) VALUES (34, 'Cor', 'Vermelho Warm Red C', 460);
INSERT INTO `produto_especificacoes` (`produto_id`, `chave`, `valor`, `ordem`) VALUES (35, 'Código do produto', 'INC3X32S', 461);
INSERT INTO `produto_especificacoes` (`produto_id`, `chave`, `valor`, `ordem`) VALUES (35, 'Linha', 'SMART', 462);
INSERT INTO `produto_especificacoes` (`produto_id`, `chave`, `valor`, `ordem`) VALUES (35, 'Potência máxima', '22 kW', 463);
INSERT INTO `produto_especificacoes` (`produto_id`, `chave`, `valor`, `ordem`) VALUES (35, 'Tensão de alimentação', '365~415V AC 50/60Hz', 464);
INSERT INTO `produto_especificacoes` (`produto_id`, `chave`, `valor`, `ordem`) VALUES (35, 'Descrição dos pólos', '3P+N+T', 465);
INSERT INTO `produto_especificacoes` (`produto_id`, `chave`, `valor`, `ordem`) VALUES (35, 'Modo de montagem', 'Parede/Totem', 466);
INSERT INTO `produto_especificacoes` (`produto_id`, `chave`, `valor`, `ordem`) VALUES (35, 'Número de saídas', '1', 467);
INSERT INTO `produto_especificacoes` (`produto_id`, `chave`, `valor`, `ordem`) VALUES (35, 'Padrão do conector', 'Tipo 2', 468);
INSERT INTO `produto_especificacoes` (`produto_id`, `chave`, `valor`, `ordem`) VALUES (35, 'Comprimento do cabo', '5 m', 469);
INSERT INTO `produto_especificacoes` (`produto_id`, `chave`, `valor`, `ordem`) VALUES (35, 'Aterramento', 'TN/TT', 470);
INSERT INTO `produto_especificacoes` (`produto_id`, `chave`, `valor`, `ordem`) VALUES (35, 'Sinalização local', 'Display cromático (LEDs)', 471);
INSERT INTO `produto_especificacoes` (`produto_id`, `chave`, `valor`, `ordem`) VALUES (35, 'Comunicação', 'OCPP 1.6 J', 472);
INSERT INTO `produto_especificacoes` (`produto_id`, `chave`, `valor`, `ordem`) VALUES (35, 'Controle de carga', 'Sim', 473);
INSERT INTO `produto_especificacoes` (`produto_id`, `chave`, `valor`, `ordem`) VALUES (35, 'Normas', 'IEC 61851 / IEC 62197', 474);
INSERT INTO `produto_especificacoes` (`produto_id`, `chave`, `valor`, `ordem`) VALUES (35, 'Grau de proteção IP', 'IP54', 475);
INSERT INTO `produto_especificacoes` (`produto_id`, `chave`, `valor`, `ordem`) VALUES (35, 'Grau de proteção IK', 'IK10', 476);
INSERT INTO `produto_especificacoes` (`produto_id`, `chave`, `valor`, `ordem`) VALUES (35, 'Temperatura de operação', '-30 / 50°C', 477);
INSERT INTO `produto_especificacoes` (`produto_id`, `chave`, `valor`, `ordem`) VALUES (35, 'Temperatura de armazenamento', '-40 / 80°C', 478);
INSERT INTO `produto_especificacoes` (`produto_id`, `chave`, `valor`, `ordem`) VALUES (35, 'Humidade relativa', '5 / 95%', 479);
INSERT INTO `produto_especificacoes` (`produto_id`, `chave`, `valor`, `ordem`) VALUES (35, 'Altura', '500 mm', 480);
INSERT INTO `produto_especificacoes` (`produto_id`, `chave`, `valor`, `ordem`) VALUES (35, 'Largura', '220 mm', 481);
INSERT INTO `produto_especificacoes` (`produto_id`, `chave`, `valor`, `ordem`) VALUES (35, 'Profundidade', '200 mm', 482);
INSERT INTO `produto_especificacoes` (`produto_id`, `chave`, `valor`, `ordem`) VALUES (35, 'Peso líquido', '7,5 kg', 483);
INSERT INTO `produto_especificacoes` (`produto_id`, `chave`, `valor`, `ordem`) VALUES (35, 'Cor', 'Vermelho Warm Red C', 484);
INSERT INTO `produto_especificacoes` (`produto_id`, `chave`, `valor`, `ordem`) VALUES (36, 'Modelo', 'EVMS-30', 485);
INSERT INTO `produto_especificacoes` (`produto_id`, `chave`, `valor`, `ordem`) VALUES (36, 'Capacidade', '30 kW', 486);
INSERT INTO `produto_especificacoes` (`produto_id`, `chave`, `valor`, `ordem`) VALUES (36, 'Parâmetros de entrada', '400 Vca, 3P+N+PE', 487);
INSERT INTO `produto_especificacoes` (`produto_id`, `chave`, `valor`, `ordem`) VALUES (36, 'Faixa de tensão de entrada', '304~456 Vca', 488);
INSERT INTO `produto_especificacoes` (`produto_id`, `chave`, `valor`, `ordem`) VALUES (36, 'Fator de potência', '>0,997', 489);
INSERT INTO `produto_especificacoes` (`produto_id`, `chave`, `valor`, `ordem`) VALUES (36, 'Frequência', '50/60 Hz', 490);
INSERT INTO `produto_especificacoes` (`produto_id`, `chave`, `valor`, `ordem`) VALUES (36, 'Plugue de saída', 'CCS2 (saída única)', 491);
INSERT INTO `produto_especificacoes` (`produto_id`, `chave`, `valor`, `ordem`) VALUES (36, 'Tensão de saída', '50~1000 VDC', 492);
INSERT INTO `produto_especificacoes` (`produto_id`, `chave`, `valor`, `ordem`) VALUES (36, 'Corrente máxima de saída', '100 A', 493);
INSERT INTO `produto_especificacoes` (`produto_id`, `chave`, `valor`, `ordem`) VALUES (36, 'Eficiência geral', '97% (Módulo de Potência) / 96,5% (Sistema)', 494);
INSERT INTO `produto_especificacoes` (`produto_id`, `chave`, `valor`, `ordem`) VALUES (36, 'Visor', 'Touchscreen TFT 10,4"', 495);
INSERT INTO `produto_especificacoes` (`produto_id`, `chave`, `valor`, `ordem`) VALUES (36, 'Conexão de rede', 'LAN', 496);
INSERT INTO `produto_especificacoes` (`produto_id`, `chave`, `valor`, `ordem`) VALUES (36, 'Protocolos de comunicação', 'OCPP 1.6J', 497);
INSERT INTO `produto_especificacoes` (`produto_id`, `chave`, `valor`, `ordem`) VALUES (36, 'Temperatura de operação', '-35°C a 60°C', 498);
INSERT INTO `produto_especificacoes` (`produto_id`, `chave`, `valor`, `ordem`) VALUES (36, 'Temperatura de armazenamento', '-40°C a +70°C', 499);
INSERT INTO `produto_especificacoes` (`produto_id`, `chave`, `valor`, `ordem`) VALUES (36, 'Umidade de operação', '≤95%, sem condensação', 500);
INSERT INTO `produto_especificacoes` (`produto_id`, `chave`, `valor`, `ordem`) VALUES (36, 'Altitude máxima', '2000 m', 501);
INSERT INTO `produto_especificacoes` (`produto_id`, `chave`, `valor`, `ordem`) VALUES (36, 'Proteção', 'IP55, IK10', 502);
INSERT INTO `produto_especificacoes` (`produto_id`, `chave`, `valor`, `ordem`) VALUES (36, 'Ambiente de uso', 'Externo/Interno', 503);
INSERT INTO `produto_especificacoes` (`produto_id`, `chave`, `valor`, `ordem`) VALUES (36, 'Ruído acústico', '<55 dB', 504);
INSERT INTO `produto_especificacoes` (`produto_id`, `chave`, `valor`, `ordem`) VALUES (36, 'Dimensões (L×P×A)', '460 × 345 × 735 mm', 505);
INSERT INTO `produto_especificacoes` (`produto_id`, `chave`, `valor`, `ordem`) VALUES (37, 'Código do produto', 'INC60kW-DC', 506);
INSERT INTO `produto_especificacoes` (`produto_id`, `chave`, `valor`, `ordem`) VALUES (37, 'Linha', 'Fast Charge', 507);
INSERT INTO `produto_especificacoes` (`produto_id`, `chave`, `valor`, `ordem`) VALUES (37, 'Potência máxima', '60 kW', 508);
INSERT INTO `produto_especificacoes` (`produto_id`, `chave`, `valor`, `ordem`) VALUES (37, 'Tensão de alimentação nominal', '304~456V AC 50/60 Hz', 509);
INSERT INTO `produto_especificacoes` (`produto_id`, `chave`, `valor`, `ordem`) VALUES (37, 'Descrição dos pólos', '3P+N+T', 510);
INSERT INTO `produto_especificacoes` (`produto_id`, `chave`, `valor`, `ordem`) VALUES (37, 'Modo de montagem', 'Auto portante', 511);
INSERT INTO `produto_especificacoes` (`produto_id`, `chave`, `valor`, `ordem`) VALUES (37, 'Número de saídas', '2', 512);
INSERT INTO `produto_especificacoes` (`produto_id`, `chave`, `valor`, `ordem`) VALUES (37, 'Padrão dos conectores', 'CCS2', 513);
INSERT INTO `produto_especificacoes` (`produto_id`, `chave`, `valor`, `ordem`) VALUES (37, 'Estratégia de carregamento', '60+0 | 0+60 | 30+30', 514);
INSERT INTO `produto_especificacoes` (`produto_id`, `chave`, `valor`, `ordem`) VALUES (37, 'Tensão de saída DC', '150~1000 VDC', 515);
INSERT INTO `produto_especificacoes` (`produto_id`, `chave`, `valor`, `ordem`) VALUES (37, 'Corrente de saída máxima', '200 A', 516);
INSERT INTO `produto_especificacoes` (`produto_id`, `chave`, `valor`, `ordem`) VALUES (37, 'Sistema de controle de acesso', 'Local / Cartão / Aplicativo', 517);
INSERT INTO `produto_especificacoes` (`produto_id`, `chave`, `valor`, `ordem`) VALUES (37, 'Aterramento', 'TN/TT', 518);
INSERT INTO `produto_especificacoes` (`produto_id`, `chave`, `valor`, `ordem`) VALUES (37, 'Sinalização local', 'Display touch 10,4"', 519);
INSERT INTO `produto_especificacoes` (`produto_id`, `chave`, `valor`, `ordem`) VALUES (37, 'Comunicação', 'OCPP 1.6 J', 520);
INSERT INTO `produto_especificacoes` (`produto_id`, `chave`, `valor`, `ordem`) VALUES (37, 'Controle de carga', 'Sim', 521);
INSERT INTO `produto_especificacoes` (`produto_id`, `chave`, `valor`, `ordem`) VALUES (37, 'Normas', 'IEC 61851, IEC 62196, ISO 15118, DIN 70121', 522);
INSERT INTO `produto_especificacoes` (`produto_id`, `chave`, `valor`, `ordem`) VALUES (37, 'Grau de proteção IP', 'IP54', 523);
INSERT INTO `produto_especificacoes` (`produto_id`, `chave`, `valor`, `ordem`) VALUES (37, 'Grau de proteção IK', 'IK10', 524);
INSERT INTO `produto_especificacoes` (`produto_id`, `chave`, `valor`, `ordem`) VALUES (37, 'Temperatura de operação', '-20~60°C', 525);
INSERT INTO `produto_especificacoes` (`produto_id`, `chave`, `valor`, `ordem`) VALUES (37, 'Temperatura de armazenamento', '-40~70°C', 526);
INSERT INTO `produto_especificacoes` (`produto_id`, `chave`, `valor`, `ordem`) VALUES (37, 'Humidade relativa', '0~95%', 527);
INSERT INTO `produto_especificacoes` (`produto_id`, `chave`, `valor`, `ordem`) VALUES (37, 'Altura', '2000 mm', 528);
INSERT INTO `produto_especificacoes` (`produto_id`, `chave`, `valor`, `ordem`) VALUES (37, 'Largura', '900 mm', 529);
INSERT INTO `produto_especificacoes` (`produto_id`, `chave`, `valor`, `ordem`) VALUES (37, 'Profundidade', '500 mm', 530);
INSERT INTO `produto_especificacoes` (`produto_id`, `chave`, `valor`, `ordem`) VALUES (37, 'Peso líquido', '230 kg', 531);
INSERT INTO `produto_especificacoes` (`produto_id`, `chave`, `valor`, `ordem`) VALUES (37, 'Cor', 'Cinza e preto', 532);
INSERT INTO `produto_especificacoes` (`produto_id`, `chave`, `valor`, `ordem`) VALUES (38, 'Código do produto', 'INC150kW-DC', 533);
INSERT INTO `produto_especificacoes` (`produto_id`, `chave`, `valor`, `ordem`) VALUES (38, 'Linha', 'Fast Charge', 534);
INSERT INTO `produto_especificacoes` (`produto_id`, `chave`, `valor`, `ordem`) VALUES (38, 'Potência máxima', '150 kW', 535);
INSERT INTO `produto_especificacoes` (`produto_id`, `chave`, `valor`, `ordem`) VALUES (38, 'Tensão de alimentação nominal', '304~456V AC 50/60 Hz', 536);
INSERT INTO `produto_especificacoes` (`produto_id`, `chave`, `valor`, `ordem`) VALUES (38, 'Descrição dos pólos', '3P+N+T', 537);
INSERT INTO `produto_especificacoes` (`produto_id`, `chave`, `valor`, `ordem`) VALUES (38, 'Modo de montagem', 'Auto portante', 538);
INSERT INTO `produto_especificacoes` (`produto_id`, `chave`, `valor`, `ordem`) VALUES (38, 'Número de saídas', '2', 539);
INSERT INTO `produto_especificacoes` (`produto_id`, `chave`, `valor`, `ordem`) VALUES (38, 'Padrão dos conectores', 'CCS2', 540);
INSERT INTO `produto_especificacoes` (`produto_id`, `chave`, `valor`, `ordem`) VALUES (38, 'Estratégia de carregamento', '150+0 | 0+150 | 90+60', 541);
INSERT INTO `produto_especificacoes` (`produto_id`, `chave`, `valor`, `ordem`) VALUES (38, 'Tensão de saída DC', '150~1000 VDC', 542);
INSERT INTO `produto_especificacoes` (`produto_id`, `chave`, `valor`, `ordem`) VALUES (38, 'Corrente de saída máxima', '200 A', 543);
INSERT INTO `produto_especificacoes` (`produto_id`, `chave`, `valor`, `ordem`) VALUES (38, 'Sistema de controle de acesso', 'Local / Cartão / Aplicativo', 544);
INSERT INTO `produto_especificacoes` (`produto_id`, `chave`, `valor`, `ordem`) VALUES (38, 'Aterramento', 'TN/TT', 545);
INSERT INTO `produto_especificacoes` (`produto_id`, `chave`, `valor`, `ordem`) VALUES (38, 'Sinalização local', 'Display touch 10,4"', 546);
INSERT INTO `produto_especificacoes` (`produto_id`, `chave`, `valor`, `ordem`) VALUES (38, 'Comunicação', 'OCPP 1.6 J', 547);
INSERT INTO `produto_especificacoes` (`produto_id`, `chave`, `valor`, `ordem`) VALUES (38, 'Controle de carga', 'Sim', 548);
INSERT INTO `produto_especificacoes` (`produto_id`, `chave`, `valor`, `ordem`) VALUES (38, 'Normas', 'IEC 61851, IEC 62196, ISO 15118, DIN 70121', 549);
INSERT INTO `produto_especificacoes` (`produto_id`, `chave`, `valor`, `ordem`) VALUES (38, 'Grau de proteção IP', 'IP54', 550);
INSERT INTO `produto_especificacoes` (`produto_id`, `chave`, `valor`, `ordem`) VALUES (38, 'Grau de proteção IK', 'IK10', 551);
INSERT INTO `produto_especificacoes` (`produto_id`, `chave`, `valor`, `ordem`) VALUES (38, 'Temperatura de operação', '-20~60°C', 552);
INSERT INTO `produto_especificacoes` (`produto_id`, `chave`, `valor`, `ordem`) VALUES (38, 'Temperatura de armazenamento', '-40~70°C', 553);
INSERT INTO `produto_especificacoes` (`produto_id`, `chave`, `valor`, `ordem`) VALUES (38, 'Humidade relativa', '0~95%', 554);
INSERT INTO `produto_especificacoes` (`produto_id`, `chave`, `valor`, `ordem`) VALUES (38, 'Altura', '2000 mm', 555);
INSERT INTO `produto_especificacoes` (`produto_id`, `chave`, `valor`, `ordem`) VALUES (38, 'Largura', '900 mm', 556);
INSERT INTO `produto_especificacoes` (`produto_id`, `chave`, `valor`, `ordem`) VALUES (38, 'Profundidade', '500 mm', 557);
INSERT INTO `produto_especificacoes` (`produto_id`, `chave`, `valor`, `ordem`) VALUES (38, 'Peso líquido', '260 kg', 558);
INSERT INTO `produto_especificacoes` (`produto_id`, `chave`, `valor`, `ordem`) VALUES (38, 'Cor', 'Cinza e preto', 559);
